Names,Dates
Datacenter Proxies Quick Start Guide,"Nov 18, 2020"
Illegal Content: How We Built an AI-powered Tool to Detect It Online,"Dec 21, 2020"
E-commerce Data Sources You Should Be Scraping in 2021,"Dec 21, 2020"
Online Media Monitoring: Challenges and Solutions,"Dec 18, 2020"
Real-Time Crawler Browser Integration Unveiled,"Dec 17, 2020"
Scraping Product Information: Static vs Rotating Proxies,"Dec 17, 2020"
Web Scraping vs Web Crawling: The Differences,"Dec 17, 2020"
The Ultimate Guide on Choosing Proxies for Email Protection,"Dec 14, 2020"
Web Scraping on a Large-Scale for E-Commerce (Ultimate Guide),"Dec 11, 2020"
Oxylabs Team Presents a Winning Solution for Cleaner Internet,"Dec 11, 2020"
CEO’s Guide to Data Extraction,"Dec 09, 2020"
Acquiring Data Directly From Search Engines: Methods,"Dec 08, 2020"
Proxies for Cybersecurity Solutions,"Dec 07, 2020"
Proxy SwitchyOmega: A Reliable Proxy Manager,"Dec 04, 2020"
What is Web Scraping?,"Dec 02, 2020"
The Ultimate Guide on Web Scraping for Brand Protection,"Dec 01, 2020"
Semi-Dedicated Proxies: What Are They?,"Nov 30, 2020"
AdsPower Proxy Integration with Oxylabs,"Nov 25, 2020"
Oxylabs Residential Proxies Unlock the World for trivago,"Nov 25, 2020"
What Is a Bot and How Does It Work?,"Nov 23, 2020"
How to Extract Data from A Website?,"Nov 13, 2020"
What is MAP Monitoring?,"Nov 11, 2020"
What is Dynamic Pricing?,"Nov 05, 2020"
Reverse Proxy vs. Forward Proxy: The Differences,"Oct 29, 2020"
What is Load Testing?,"Oct 23, 2020"
Are SOCKS5 Proxies Secure Enough for Your Business Needs?,"Oct 23, 2020"
What is API?,"Oct 22, 2020"
What is a Reverse Proxy?,"Oct 19, 2020"
CTO’s Checklist: 6 Things to Know About Web Scraping,"Oct 13, 2020"
What Are HTTP Cookies and What Are They Used For?,"Oct 13, 2020"
Oxylabs Webinar: The Future of Web Scraping – Next-Gen Residential Proxies,"Oct 08, 2020"
What is Python Used For: Top 6 Options,"Oct 07, 2020"
Oxylabs Wins GovTech Lab Challenge With AI-Driven Solution,"Oct 06, 2020"
What is Browser Fingerprinting?,"Oct 06, 2020"
Proxy vs VPN,"Oct 04, 2020"
How to Configure a Proxy Server in Firefox?,"Oct 02, 2020"
What is a Headless Browser?,"Oct 02, 2020"
Puppeteer Tutorial: Scraping With a Headless Browser,"Sep 30, 2020"
The Residential Proxies Quick Start Guide,"Sep 29, 2020"
What is Alternative Data?,"Sep 28, 2020"
Residential Proxy Acquisition: Best Practices,"Sep 24, 2020"
lxml Tutorial: XML Processing and Web Scraping With lxml,"Sep 24, 2020"
How to Crawl a Website Without Getting Blocked,"Sep 24, 2020"
IPv4 vs. IPv6: What is the Difference?,"Sep 23, 2020"
What is a Rotating IP Address?,"Sep 22, 2020"
Python Web Scraping Tutorial: Step-By-Step,"Sep 22, 2020"
What is cURL and What Does It Mean?,"Sep 21, 2020"
Python Requests,"Sep 19, 2020"
Kameleo Proxy Integration with Oxylabs,"Sep 18, 2020"
Proxy Integration With GoLogin,"Sep 16, 2020"
Free White Paper: Load Testing with Residential Proxies,"Sep 16, 2020"
How Do CAPTCHAs Work?,"Sep 15, 2020"
Oxylabs Reaches 100M+ Ethically-Obtained Residential Proxies Mark,"Sep 14, 2020"
How to Use cURL With Proxy?,"Sep 11, 2020"
Is Web Scraping Legal?,"Sep 10, 2020"
What is a Web Crawler?,"Aug 31, 2020"
Free White Paper: The Application of AI and ML in Large-Scale Data Gathering Operations,"Aug 26, 2020"
Oxylabs Sets Clear Standards for Residential Proxy Acquisition,"Aug 21, 2020"
ML-based Adaptive Parser for Product Page Scraping,"Aug 21, 2020"
Using Python and Beautiful Soup to Parse Data: Intro Tutorial,"Aug 14, 2020"
How to Detect Bad Bots and How it Affects Web Scraping?,"Aug 14, 2020"
What is a Proxy Server [2020 Guide],"Aug 13, 2020"
Oxylabs Establishes AI and ML Advisory Board,"Aug 10, 2020"
JavaScript Web Scraping Tutorial,"Aug 09, 2020"
Next-Gen Residential Proxies Vs Regular Residential Proxies,"Aug 05, 2020"
AI-Fueled Proxy Service Revolution: Next-Gen Residential Proxies,"Aug 05, 2020"
Oxylabs Is Launching Next-Gen Residential Proxies,"Aug 03, 2020"
How To Hide IP Address,"Aug 02, 2020"
Web Scraping With Selenium: DIY or Buy?,"Jul 15, 2020"
Setting the Right Approach to Web Scraping,"Jun 26, 2020"
Scrape Images From a Website with Python,"Jun 22, 2020"
Choosing the Right Proxy Service Provider,"Jun 22, 2020"
HTTP Headers Explained,"Jun 21, 2020"
Real-Time Crawler Quick Start Guide,"Jun 19, 2020"
Choosing Between Residential and Datacenter Proxies,"Jun 19, 2020"
Oxylabs Webinar: Residential Proxy Usage Mistakes and How to Solve Them,"Jun 18, 2020"
Helping to Save on Data Acquisition Costs for Pricing Intelligence,"Jun 01, 2020"
"Oxylabs Filed Antitrust Claims Against Luminati, Its Investor EMK Capital, and Hola","May 29, 2020"
Reducing Data Acquisition Costs For Search Intelligence Company,"May 28, 2020"
Oxylabs Partnership With CoronaMapper: Another Success Story,"May 26, 2020"
Building Your Own Yellow Pages Scraper,"May 25, 2020"
Using Web Scraping for Lead Generation,"May 24, 2020"
5 Great Web Scraping Use Cases to Gain a Competitive Advantage,"May 22, 2020"
TrackCorona Skyrockets to Popularity After Collaborating With Oxylabs,"May 20, 2020"
Building Up Web Robots: Oxylabs’ Proxies Bring Expansion,"May 19, 2020"
Stock Market Data – How to Scrape It,"May 18, 2020"
Web Scraping Job Postings: Challenges and Best Solutions,"May 15, 2020"
Planning a Project on Web Scraping,"May 13, 2020"
Most Common User Agents For Price Scraping,"May 12, 2020"
Proxies vs. Scraper API: Making the Right Choice,"May 11, 2020"
Automotive Industry Data Scraping: How’s It Changing this Market?,"May 11, 2020"
Real Estate Web Scraping: How’s It Revolutionizing this Industry?,"May 11, 2020"
How to Achieve Cost-effective and Scalable Web Scraping for Product Listings,"May 05, 2020"
5 Key HTTP Headers for Web Scraping,"Apr 29, 2020"
How to Use Proxy Rotator: Make the Most of Your Datacenter Proxies,"Apr 29, 2020"
